Source,Target,Weight
51556828,7691631,27
50118546,29893472,2
33197650,32897822,1
32897822,33197650,1
2310495,2381732,8
6093316,21018299,1
10126908,9325315,4
52855516,3745077,6
41881900,20929025,179
12256376,46805578,49
12256376,14562056,86
12256376,13220460,37
7691631,49029588,12
32339800,1187853,1
26142080,40208831,2
47132986,46716359,1
63537249,24560307,18
21347346,35951404,2
18399889,3638964,1
5786013,53928710,10
15799524,20415251,1
64204546,43790903,1
321278,27193779,4
15443575,16999809,1
24063576,37500192,1
63109541,24195339,1
39487546,37144575,35
16256144,23947487,13
57149464,63742071,2
25997846,321278,1
37240232,29028775,1
11969507,49966855,1
6365343,34678084,9
34678084,6365343,6
15881968,20131603,1
3638964,24474126,13
9325315,10045175,4
1940673,1324028,2
47341961,41881900,5
47671127,47649855,4
54503347,49598840,11
40806530,60807171,1
49295278,12256376,2
41881900,47341961,55
43003744,5532320,1
52452207,55956740,1
2203645,2725544,6
20580498,33429211,9
2706701,2031640,2
14448779,2081289,7
23272510,22442668,1
10707658,26553597,1
39006836,39003227,3
24412537,16734168,1
52452207,54575825,1
42955150,16563587,2
6228403,3662176,2
10064545,41557420,1
3195124,1786914,1
54503347,28366058,4
32836701,47852032,1
26509369,20580498,1
8135462,47609714,3
42926209,41881900,5
15514912,15550894,7
8629417,16286131,15
24117313,1090311,1
29099181,59787605,9
41881900,44774566,73
32707901,9384267,1
11803168,11855195,1
56941978,4106792,1
7691631,36960321,12
39504796,39820044,33
33816473,20415251,4
31492490,35951404,33
12310030,9992330,3
1362490,2410676,8
22847604,30100099,4
16554739,507775,1
59104105,16594532,1
16243570,929845,1
35552300,22737333,1
943149,35640229,2
7691631,51556828,65
31239705,23096959,2
26567889,4287066,6
13220460,12256376,4
20580498,41458519,2
53238813,206084,2
41543133,32215970,1
26516210,28283593,3
16607898,16606316,1
50843402,13384052,1
20100867,9325315,1
24109199,3638964,1
49029588,7691631,3
7691631,15045751,2
24604008,7053637,1
7962111,714074,2
41881900,49946255,10
2132207,108278,2
63488276,321278,1
2720287,32969220,2
32969220,2720287,2
53356367,22442668,1
1338813,8962829,1
1610564,20580498,1
5483330,1039520,1
10144081,23050110,1
19939216,41291958,3
36817565,35210580,25
62705699,24897645,4
13414105,1446467,1
29261473,23096959,3
33816473,1064563,1
11452644,349241,3
1213225,36976386,1
18981255,36976386,1
36976386,18981255,1
31492490,21347346,18
40686014,20580498,11
63537249,3678731,2
58462216,10270250,1
447184,238972,2
3745077,206084,1
45036984,41881900,2
690903,4164482,1
53238813,52855516,19
22442668,20580498,44
26813738,21919767,1
57398434,45704630,3
34877706,29849956,1
41568744,57909178,2
20580498,45704630,1
20580498,23096959,6
6644973,18609427,2
5441793,63090054,20
3328572,873328,4
5441793,63089994,65
11461524,21184808,1
60795741,3579088,1
2750721,2890627,2
14507,8514,6
3214406,43717321,5
32043598,64340716,35
60192555,3678731,1
60192555,24119524,2
11061773,27620277,2
41881900,9384267,11
41881900,44264925,10
23325575,61749868,2
52855516,4648505,1
27835638,20929025,1
1099265,2014929,1
35951404,31492490,14
20789757,20580498,1
18609427,16147933,2
17728164,27576132,3
27576132,17728164,1
692528,4164482,2
62367558,35312458,1
15515181,1362490,1
31404980,23096959,6
2081289,34693515,1
63342701,44250834,1
61014987,24690303,1
51925233,16416867,1
23096959,1914329,2
275604,2050163,1
2863909,1182756,1
2050163,275604,1
24165519,23021810,1
4648505,13384052,2
14281190,1064563,2
44264925,41881900,9
52855516,4106792,7
53213638,32737992,2
658518,16241224,3
32737992,53213638,3
32737992,53214857,1
52855516,20580498,4
19390712,2006876,12
58776721,858127,1
14291040,11969507,3
45646037,58153528,2
363387,238972,1
21919767,36316259,1
2508083,15974409,3
16286131,8629417,12
2833537,18609427,2
54980593,1446467,6
16851223,15830664,1
52630616,56356706,4
21184808,11461524,1
16563587,11225014,2
49535019,23974149,3
59502896,15550894,1
35312458,27193779,2
43615334,49288313,1
60257626,41092776,1
53954149,20773773,1
1864194,1864233,3
2968000,3557653,7
451035,8514,2
12511640,4128353,1
59787605,29099181,3
41881900,45425758,3
53749529,211588,1
50884378,2050163,1
18398494,13258039,1
14720810,3671909,2
33902006,34013728,3
37526090,37372629,11
33015583,45717250,5
958314,27193779,2
45425758,56088006,8
23627382,48447679,1
7833168,507775,12
42006308,3301400,1
20343475,38843429,13
15495333,24195339,1
43717321,45091719,1
24474126,3638964,124
4262493,2011783,2
24513798,20785986,1
858127,13221727,1
35312458,61812065,2
18477927,9384267,2
20580498,7691631,16
60260525,6498492,1
20323343,6498492,1
26987049,1181927,13
43916263,41881900,3
11557649,9325315,1
18068542,41881900,2
60637112,60637206,1
3638964,24474138,6
45495450,32848140,1
16568072,747698,1
35563024,7653178,1
29079643,23096959,1
18402447,16286131,9
2452759,8436350,2
46805319,6644973,1
13417097,1012745,2
1012745,13417097,2
62752279,40969713,1
33258973,13124802,3
53492012,32737992,1
49286861,29798880,2
41861768,20929025,1
41881900,41861768,3
32787174,44203721,2
31492490,29137950,15
747698,49908092,3
37966995,30632878,1
30632878,37966995,2
49412155,62802442,12
48004987,16563587,8
6235174,47772893,1
7044114,6908774,1
54685360,8629417,2
21347346,31492490,5
51577912,321278,1
61302852,15550894,1
15550894,61302852,1
39504796,43372569,10
54150496,25136308,1
54150496,23974149,1
6093316,20929025,11
7691631,23096959,9
23272510,20580498,2
943149,35446456,4
17224514,44253742,7
14089735,45425758,1
43526066,7691631,1
52083467,8604178,2
20580498,22442668,11
33653601,1385122,1
4380969,24657889,1
60637159,60637112,1
60637159,60637206,1
10674058,7691631,1
301742,45766550,1
4780572,36420691,1
460078,7639232,1
50695926,19261272,1
50859563,42436885,2
7994556,26931359,1
21749516,1385122,2
24897645,5875030,1
6838921,20580498,1
41557420,25136308,5
41557420,1424470,1
49194732,3301400,1
4983184,321278,1
24897645,62705699,1
31492490,54984270,2
16961558,13807928,1
20896324,21388550,1
34341577,11939484,1
46716359,16008426,1
62752279,3214406,1
53370988,33947548,1
54575825,55956740,1
38434858,24891661,1
51777407,27828339,1
58699525,54173593,1
1181927,4164482,4
24657977,3301400,2
40328394,13027352,1
3948738,3678731,1
33653601,658518,3
35951404,24195339,4
9852918,59096058,4
45091124,6452529,2
7053637,24604008,10
52083467,10097543,15
10642708,3149845,1
35448780,29102367,1
32247847,46494071,2
56889650,17728164,1
8604178,10097543,3
18410674,24868135,3
18410674,14536054,2
5741125,43916699,1
6093316,51474893,16
7962111,12225546,3
23404839,7691631,1
21413198,20929025,1
3214406,5896228,6
5896228,3214406,2
5896228,43717321,1
22882621,11939484,1
19692503,9325315,2
108278,7253769,1
45589754,11778024,1
31288958,14125254,4
36040894,6498492,1
26509369,27782596,2
53370988,46283752,1
56555308,32215970,1
44869078,36535156,1
32180714,39657587,1
56353740,20580498,6
45766550,13258039,3
61812065,46636443,1
23116127,25273785,2
24691293,8514,1
44252317,33202667,2
35520634,11061773,10
44250834,37489388,1
29620400,33655535,1
15073130,6498492,1
26509369,38881222,1
19753195,15778981,13
50258379,14210523,1
51457456,11672345,1
49686795,20580498,1
41881900,27193779,1
206084,52855516,6
1210071,18801276,1
49029588,51556828,3
39430681,39507997,3
55956740,54575825,1
7363211,991475,2
4723248,20929025,1
19390712,2219738,1
24774658,6780767,1
16008423,46802649,1
33898786,33902006,1
44774566,41881900,13
14562056,13220460,2
3678731,37616442,1
27193779,321278,5
873328,3328572,4
28366981,15350898,1
28059353,33742985,1
14960387,20445947,1
26702968,168370,1
2189967,29976873,1
54340642,843222,3
7253769,108278,1
24612415,5896564,1
7653178,35563024,9
41881900,42131201,10
447184,8514,2
16388445,10651157,2
51307118,11672345,1
5642413,7357595,2
38834157,54120965,1
16999809,15443575,1
54120965,53369484,1
49016322,24195339,1
2381732,2310495,5
30100099,22847604,2
33653601,33655535,2
47401006,10247874,1
41881900,42926209,9
43897107,41571541,2
52284264,20929025,1
36960321,49598840,1
20580498,10826219,1
45873864,4780572,1
59469085,6498492,2
61815853,6498492,1
12004006,56764583,1
40823347,40765298,3
16183015,13530047,2
321278,11167738,3
3346602,1424470,1
59096058,9852918,3
3629537,14303048,4
60750744,8966356,1
17374659,3149845,1
49966855,11969507,1
17959555,15045751,1
36960293,36960321,8
33822149,31504491,3
36947866,3638964,2
49598840,36960321,9
10851820,21413198,1
54503347,36960293,24
26516210,1446467,1
1446467,26516210,1
24868135,57909178,2
57909178,24868135,1
2077020,27193779,1
12296490,10969551,2
17728164,14125254,3
6922463,1090311,1
52855516,53238813,25
5532320,43003744,1
3504464,3504505,1
55343540,2237981,1
49946255,41881900,4
50168898,50779358,4
62812779,17224514,2
1446467,54980593,6
20171642,20484506,1
37489525,1446467,1
33202667,64255423,3
26884724,734934,2
15974409,2508083,1
45502608,10674058,1
19957276,9037631,1
12256376,60858966,1
41913731,381979,1
30100099,36316259,1
29137950,31492490,7
60534237,35326416,1
33610278,3301400,1
29455960,9385519,2
1187853,32339800,3
36960637,9278888,1
2183193,33015583,4
20307596,2050163,1
10453902,8604178,2
41881900,321278,5
39820044,39504796,8
41881900,52413659,1
57386052,33718145,1
15073130,1520275,1
22841798,21160389,1
63356659,63356771,1
16563587,20580498,2
27806545,41829476,1
33767206,41829476,1
58956476,23096959,1
62367558,63613430,1
7918325,40135191,1
45091124,32247847,1
17528018,51344082,2
62412837,62367558,1
2945088,17197934,2
16554739,7833168,1
2081289,14448779,2
10674058,45502608,1
15221515,57309106,1
1301584,654608,1
1064563,507775,3
671825,29893472,2
37613710,21909749,2
40686014,3638964,1
25273785,23116127,2
28059353,44774566,1
42283287,20929025,2
25774285,25069680,2
44930707,64340716,3
37198148,64340716,2
32264183,64340716,2
60115618,60115659,1
51283658,2560988,1
43685186,1446467,1
34013728,33902006,3
29798880,15452919,1
16026402,5550567,4
10041891,11778024,6
38843429,19483273,1
15045751,10247874,10
20891076,19745004,1
53214857,53213638,3
53154390,43903637,1
36891867,96071,1
3342055,27193779,3
869754,19994257,2
3100121,16104394,1
1801829,14089735,2
1801829,30779589,1
698041,3955647,1
943149,38273403,2
33742985,20929025,1
23096959,20580498,3
34693515,2081289,8
3678731,31829770,1
640534,658518,1
19483273,38843429,7
19076589,3867127,2
40008106,9384267,1
58697353,9384267,1
55225846,27631673,1
14531737,1181927,1
53356367,7691631,1
22923251,48599462,1
1206729,47671127,1
16008423,6235174,10
32356864,16587283,1
47844713,13384052,1
26820798,20929025,2
40823322,40765298,2
41881900,3342055,1
57350423,40037231,1
10453902,10097543,4
39006903,39003227,1
10097543,10453902,5
19745004,1424470,1
596892,997338,5
51614692,27612781,1
37500192,24063576,1
36891867,14089735,1
20580498,23272510,3
23652126,2504560,1
10041891,45589754,1
46716359,7833168,1
34138622,33655535,1
6498492,15073130,1
30972886,858127,1
24690303,61014987,1
41881900,45036984,9
47852032,32836701,3
1446467,13414105,1
18609427,6644973,1
31404632,53558755,1
51914365,31315021,1
10270250,24560307,1
62728051,42417822,1
584410,36818673,1
38558578,9384267,1
206084,53238813,5
17728164,23096959,1
943149,37082871,3
8100370,27193779,2
41881900,47515815,6
22442668,28366058,6
11452538,6838921,1
10805187,62450795,2
36661850,481872,1
39722512,35120039,1
53238813,4106792,2
63616998,42875638,3
41881900,41443539,2
12034070,1217614,1
41692693,3623050,1
29891188,35520634,1
6248645,6235174,1
1064563,27729926,1
400664,54443617,1
41881900,60630844,27
8514,494159,1
41458519,20580498,2
50691713,51507157,1
56841883,321278,2
29893472,671825,2
61622867,15514912,1
15514912,61622867,1
15045751,7691631,3
9325315,10126908,3
40765298,40823322,2
56764583,12004006,1
7760890,3301400,2
44770441,57363293,2
59028028,55768463,1
184460,5152372,2
20580498,20653934,3
48006145,14089735,1
3623050,53238813,4
16563587,48004987,2
48004987,20580498,1
22119747,7691631,1
1864233,1864194,19
62450795,10805187,1
28782747,858127,2
58574577,33202667,1
3504505,3504464,2
658518,1385122,2
31046054,7691631,2
14791963,7044114,1
7044114,14791963,1
51710581,3604157,2
43790903,62367558,1
7691631,19360616,1
7691631,54503347,4
7691631,46089560,5
12136863,11931032,1
33524486,7613257,2
16147933,18609427,2
34885279,34546968,1
51478266,20580498,10
1801829,42467001,4
45717250,20773773,8
53981347,20580498,2
31189240,39105423,1
390510,13258039,1
32215970,20929025,1
16316451,56533838,2
15799524,45489191,2
36960321,7691631,3
36953657,40667593,2
9992330,12310030,1
41930235,39293824,1
37144575,39487546,7
6664047,8402497,1
30379674,4164482,1
41092776,60257626,1
18741313,14089735,1
45717250,45557469,3
16180304,36371959,10
8966356,481872,1
29675401,31492490,4
4580780,1283503,4
54503347,26509369,1
45864773,9992330,1
27099840,2436255,1
34891719,17163720,2
51344082,465681,2
11730342,24700171,2
41881900,84822,3
56260598,5694513,4
5875030,16256144,1
28312955,12888993,5
65231124,51951003,1
66831879,60206172,1
12646044,4297273,3
49598840,36960293,12
12928435,13521137,3
47903333,24195339,2
58817363,65252,1
23096959,10443324,6
10443324,23096959,4
60374819,39586505,2
6296790,53330030,1
37717474,29891188,15
37717474,35520634,1
36420691,42713185,4
5532320,25003905,1
25003905,5532320,1
5069237,930571,1
8135462,40704717,7
7691631,20415251,1
34880993,39903075,3
2113067,525316,1
44203721,32787174,1
36817565,33861747,1
64396357,321278,1
64396357,9325315,1
35312458,46636443,1
641512,657061,2
60733574,42652796,4
26142080,2081289,4
39487546,31670053,7
65057475,33767206,2
38962730,33767206,1
33653601,1254497,1
43445823,41029840,12
60630844,41881900,4
32202720,12888993,3
38431663,23357588,4
23681676,9603889,1
45259073,3301400,1
20580498,321278,1
11369603,17912002,1
37489525,21244505,1
41690093,45687347,1
1409544,168370,1
21052744,6296790,1
61749868,23325575,2
597114,44999898,4
26567889,26567881,1
46805578,12256376,4
658518,33655535,1
42652796,60733574,8
30892477,35395056,1
49213884,55796146,3
11753734,25738703,1
26567881,4287066,2
28061901,2556327,1
14338121,4297273,4
19117456,29028775,1
44639329,45704630,5
658518,33653601,5
62056780,65561709,3
20980012,49086513,1
203666,52039406,1
53356367,61739430,12
24604008,31696383,1
64242653,40403310,1
24474138,321278,1
7206131,1283503,1
29207621,23096959,2
44626250,29028775,2
27279174,50063252,1
5860736,25494512,1
44999898,597114,4
41095157,11672345,1
52305585,23096959,1
18068542,1254497,1
45231310,26192117,1
657061,641512,1
8763604,4989235,2
16542494,16346380,30
53745720,20929025,2
28283593,7691631,2
26567881,26567889,2
5187096,27193779,1
10455073,10097543,1
11116372,321278,2
729744,671825,6
60750744,20580498,9
17928207,46297649,2
33202667,59032561,1
14303048,3629537,2
58154377,23096959,1
19608522,23096959,2
19608522,16563587,1
11589713,45704630,3
596892,28710753,1
36891867,27193779,1
2006876,19390712,3
24195339,504220,1
16563587,27729907,7
38492553,38492041,1
5694513,56260598,1
13221727,858127,2
37791069,7530802,1
47622864,21433270,2
58331146,56723754,1
16008423,65057475,1
168370,1323072,1
49475012,44838949,11
56087776,9384267,1
8474136,1451352,1
12004006,6938835,1
4619701,24063576,1
18088846,61755229,1
52039406,20698341,1
52630616,32247847,1
18503721,29028775,4
35446456,943149,5
5839692,3678731,3
23357588,38431663,1
203666,45206013,4
507775,14845405,2
48599462,42006308,1
2014929,54980593,1
4128353,3319769,6
48181728,39487546,2
41194255,14089735,2
55504627,20580498,3
13653550,4007018,2
31481403,10066825,2
33389183,597114,1
63356659,1446467,1
10097543,52083467,3
24474138,24474126,3
24474138,3638964,41
59469085,61812065,1
23697630,52083467,3
24612415,9305004,1
41730120,3678731,2
41359055,29028775,1
50715237,5532320,1
39554400,5250457,1
64144369,48496835,1
66732969,66712801,1
11225014,16563587,1
3678731,27193779,1
35210580,36817565,2
6764581,764708,2
65386900,16425042,1
65386900,25003905,1
20773773,45717250,2
35951404,56664051,1
24474126,24474138,6
36960293,7691631,2
3038446,7786818,2
47576910,29605985,1
50489089,47903333,2
64340188,5806776,2
29099181,9384267,1
7691631,31046054,27
33861747,36817565,2
1038468,168370,1
63020164,60807171,2
23986910,17812682,1
10981994,21741891,1
65773158,54980593,1
20929025,44774566,8
63090054,63089994,1
15280279,25887611,1
11617504,46835599,3
20580498,40686014,8
24894889,168370,1
66377221,32935745,3
50859563,50258379,1
24891661,843222,1
24891661,654608,1
43515791,10443324,1
24195339,49016322,2
17714713,17689377,2
60561834,5550567,1
33489346,4766638,1
41881900,42534055,5
62168035,21280081,1
19606628,32654500,1
38765967,27504653,2
3623050,52855516,2
51556828,31046054,1
27981533,7760890,4
28283593,21591001,1
34659664,9998516,1
9568894,37489525,2
46716359,47132986,1
20989983,9384267,1
65158310,47394776,1
60832323,19036577,1
2890627,2750721,1
11931032,1181927,1
54102761,32935745,6
19467101,1272129,2
41829476,16008423,1
39105425,10270250,2
23766683,33791453,1
34659664,7691631,2
36612050,31686207,2
6228403,6228378,2
36376183,11167738,1
36953657,1917262,4
43964563,9384267,4
63730796,64970925,1
33202667,44252317,3
43690238,48440279,1
27434724,2191449,3
10270250,29028775,1
57418316,132108,2
24841635,3678731,1
15846674,11061773,3
43984019,2034023,1
1254797,8514,1
1254797,308770,1
507775,1064563,4
40841283,25273785,1
29028775,15062869,1
32023078,21233191,2
13937936,13124802,3
32935745,54102761,1
54503347,7691631,9
29220809,41829476,1
4106792,5191883,2
5347074,5839692,1
41690081,45687347,2
22841302,7691631,3
22442668,40686014,2
17728164,22855240,5
15309233,4287066,3
21347346,29137950,4
30892477,33655535,1
5405905,5069237,2
64255423,33202667,1
671825,52261708,1
21233191,32023078,1
48007294,41458519,2
51117837,20773773,2
34070601,5532320,2
32191748,14089735,1
20580498,44350607,1
1431547,117741,3
43256426,36891867,1
16346380,60115647,1
47632525,20287787,1
50304279,60630844,3
8049897,21585053,5
45686574,12898486,2
7805144,488514,1
63761297,65095652,1
43830328,30162008,1
30162008,43830328,1
34022240,33697675,2
55638412,16286131,1
55432988,24195339,1
35693455,2750721,2
168370,1038468,1
31696383,7053637,6
36371959,16180517,3
15221515,44979576,1
44689601,45793760,1
43615745,12256376,1
20929025,33742985,3
43543393,519832,1
1424470,4268140,1
51182505,51946237,1
17224514,62812779,1
56210635,211588,1
6908774,14791963,1
764708,3010630,1
42446930,40892817,1
56941978,9214768,1
1914329,23096959,1
55435270,27193779,4
1717192,488514,1
39406254,512332,1
63616998,26931359,1
42143408,59779880,1
37496521,9384267,1
997338,596892,6
44544444,32024077,1
18567587,11693709,1
15460666,3745077,1
38629282,8962829,2
6296790,22321368,1
45717250,50461701,1
40704717,44370739,1
43756635,34725861,1
60115618,60115785,1
60115618,60115647,1
54230994,20580498,2
59284953,42488903,1
27576132,2050163,1
39487546,22844864,2
2791179,2863909,2
1182756,2863909,1
43640830,29028775,1
28932001,18398494,2
36902910,35015510,1
858127,8357227,1
745456,12499251,1
39534835,4128353,2
5532320,34294743,2
4287066,26567881,1
53466975,12888993,1
37734226,9309093,1
50461701,45717250,3
36535156,46494071,1
40143886,4576305,14
15923295,41829476,1
30969188,3678731,2
52104368,16416867,3
21244924,25136308,1
42481664,24195339,7
19994257,23096959,6
32024077,11167738,4
14131914,3618133,1
9384267,46891997,2
27804716,27835638,1
26142147,41930235,9
13530047,16183015,2
36960293,54503347,12
19245490,10312708,1
46716359,18743342,1
557980,10187082,1
19816973,54678792,46
58153528,42875638,1
2031640,9106565,1
62812779,44253742,2
58331146,47903333,1
10247874,24474126,1
17073481,2031640,2
27883327,26873147,1
1323072,168370,5
2375854,1460385,1
22442668,20653934,1
5806776,64340188,1
26820798,27193779,2
64340188,5474834,1
23974149,3214406,1
63417790,692528,1
1125389,8514,1
53496835,39504796,1
41829476,30892477,1
51001011,168370,1
12256376,43385504,3
599695,24657889,1
25494512,5860736,1
15062869,10270250,1
42450772,10546179,1
6838921,20653934,1
10674033,1431547,2
53824369,13124802,1
39003227,39006836,2
64224501,7963570,1
11726647,11672345,1
671825,50118546,3
42916308,14727320,1
39003227,39006903,1
41881900,43924169,3
54906742,7053637,1
38460192,51957189,1
38460192,40037231,1
1610564,24109199,1
47515815,41881900,3
16346380,60115659,1
1451352,321278,2
39178161,28796010,1
29675401,35951404,1
45873864,714074,1
9385519,53745720,1
2219738,19390712,1
33791453,23770421,4
4723248,21244924,1
34294743,5532320,1
55698731,18150451,2
46891997,29996513,1
21078071,11167738,1
16286131,47860620,1
36463352,35968578,1
17303641,108278,1
53928710,5786013,2
20484506,20171642,1
4524181,52855516,2
22660201,22993377,4
27782596,26509369,2
46041284,41881900,1
2014929,1460385,1
12888993,38982731,1
48496835,58482213,1
21233191,32509278,1
26509369,54503347,1
8139882,4335576,1
11639637,24993103,1
26142080,26142147,1
51964039,3604157,1
43263588,597879,2
31578025,1217614,1
38843429,20343475,3
5839692,24119524,2
2725544,2203645,1
19489568,13295813,1
27503425,50904245,3
18633326,3877327,2
47640370,47622864,1
52773157,20929025,1
58744816,10247874,1
14089735,2034023,1
2034023,14089735,1
40135191,41039850,1
40135191,47609714,1
22855240,15533753,1
15533753,22855240,1
51688289,19816973,12
19360616,7691631,2
63752974,65095652,3
34447499,19036577,1
59700207,10985948,1
17180970,8962829,1
3629537,52855516,1
5420581,6136261,1
10066825,31481403,2
65252,59227528,1
1385122,658518,3
65569906,49679971,1
17980776,36316259,1
42682859,34762405,1
858127,66392879,2
6246304,6228403,1
16180517,36371959,4
6307266,64340188,1
58741711,47903333,7
8854513,4723248,2
27504653,38765967,1
42875638,63616998,1
919161,30358412,2
32208598,7639232,1
23465506,1090311,1
47430181,39923176,2
31077672,20929025,2
58535706,32023078,1
61886109,5839692,1
1520275,15073130,1
13316291,15728293,1
22355214,47394776,2
46565708,52261708,1
43281905,54980593,1
6106345,5314652,3
52643796,29455960,1
20891020,20896532,1
56356706,52630616,2
11921791,15647808,1
63995402,53311716,1
43332504,23096959,1
18454064,7530570,1
5550567,5550623,1
25887611,15280279,1
6515095,10066825,1
12593977,10066825,1
11953973,10066825,1
321278,4580780,1
34138622,33653601,1
23885266,36124357,1
12106931,3638964,1
51344082,17528018,1
29891188,31404632,1
54980593,37489525,2
54921952,5710848,1
43372569,39504796,2
62099286,26820798,1
35280897,15974409,1
53745720,9385519,1
17803236,23096959,1
60421762,30608771,1
3623050,14159669,1
36960293,20580498,2
32897150,36895421,1
9482875,2203645,1
48318543,29028775,1
36732493,37128954,8
41881900,46041284,3
7804910,5532320,2
8467808,5474834,1
31790386,45679268,1
13220460,14562056,1
20929025,41881900,5
7053637,31696383,2
5746963,2484397,1
7691631,10247874,1
15073130,321278,1
18477927,25450557,1
57936731,45936895,1
2560988,3678731,1
65678789,958314,1
31492490,29675401,5
52630616,44869078,2
53448835,7653178,7
53623304,36732493,3
20343475,19483273,2
29620400,16241224,2
32935745,66377221,3
32453839,34505683,1
36895421,32897150,1
20580498,9787757,2
55929020,49453413,1
55760054,6838921,1
36891867,3678731,2
39176269,36535156,1
168370,488514,1
14125254,31288958,1
11939484,2203645,1
12256376,67763937,57
5150954,61431422,1
36535156,38934449,1
37327577,33870982,1
61739430,53356367,3
24195339,20929025,1
13220460,46805578,1
168370,2095282,1
27729907,23096959,3
66944590,15062869,1
8966356,15533753,1
3056468,321278,1
53492012,53213638,2
53213638,53214857,1
19608522,38843429,1
24250009,1784628,1
20785986,33653601,2
16563587,3698588,1
19608522,27729907,1
8715146,9325315,3
27509924,53530870,6
576201,35640229,1
60374819,39586616,1
44541556,36732493,4
1725199,23022377,2
27576132,23096959,3
45704630,44639329,1
61739430,49029588,1
24560307,53558755,7
2931111,14665922,1
54091383,3678731,1
9568894,28949681,2
67648772,5532320,1
19990415,14812631,1
11380094,37489525,1
12225546,714074,1
20580498,66509131,2
4011054,574877,1
22992936,23096959,1
31070977,2055965,2
50250915,58330635,2
20460946,9325315,1
20460946,8715146,1
44838949,44838862,17
32935745,42408804,1
49908092,747698,2
58233121,53213638,1
39504796,39822254,9
7691631,36960293,2
31670053,39487546,2
5561238,23096959,1
30269686,6838921,2
17373313,2310495,2
37128954,36732493,2
23166872,67452779,100
16256144,5875030,2
52071471,15062869,1
10826219,23096959,1
53138972,21641241,2
13633443,108278,1
48878697,31829770,1
16316451,3544424,1
16286131,18402447,12
63192522,4989164,2
16316451,19483273,3
42713185,36420691,3
21018299,6093316,2
10981994,892275,1
15493825,10642708,1
57910253,6093316,1
23933452,10045175,2
36919582,1362490,1
24195339,49767244,2
49767244,24195339,2
13345709,12892263,1
61736423,19606628,1
7639232,32654500,1
24195339,42481664,1
11778024,10041891,3
10969551,12296490,4
14326082,2716160,1
42454540,33002637,1
560495,27620277,1
42134885,64700995,1
45499928,40037231,1
53558755,24560307,1
49096617,10247874,2
8514,488514,1
42118261,9998516,1
38934449,36535156,1
34822474,5811958,1
66919586,67793333,4
67793333,6838921,2
67793333,66919586,1
5474834,3149845,1
19816973,51688289,6
46421678,7691631,1
58535706,21233191,1
21280081,62168035,1
25280332,45557469,1
45793760,42283287,4
35385455,25450557,1
25450557,35385455,1
14789533,13753636,1
50349114,16554739,1
10851820,9385519,2
34586916,9384267,2
34414315,20929025,1
51914773,45431898,1
64340188,7792553,4
60099164,9325315,1
21585053,8049897,1
42878787,10178188,3
39923176,68046216,2
39923176,66871728,2
49695607,17163720,1
3698588,23096959,3
22993377,22660201,1
29261473,29329884,1
50224698,65431553,2
8858446,7357595,7
3035586,1446467,1
7357595,8858446,1
32737992,53492012,2
32737992,53658916,1
51862718,11589713,1
23083156,20929025,1
3678731,31077672,1
10097543,8604178,3
34302698,11061773,2
49386559,2189967,1
7954168,4164482,1
14159669,3623050,1
66509131,20580498,6
59488267,59489782,1
40686014,23096959,1
3214406,17979442,2
67763937,49453413,1
41690044,41690093,1
65413483,26509369,1
7691631,20580498,1
59383148,7691631,1
15090814,108278,1
65431553,50224698,1
67070359,19866730,1
22254856,7825571,1
45091124,20929025,1
35791664,4128353,1
21233191,23096959,1
60874241,65231124,1
62091339,20580498,4
29455960,10851820,2
34505683,32453839,1
68046216,66871728,1
11178020,6567216,1
48237006,65252,1
5561585,6829204,1
671825,46565708,3
34383946,27744075,1
27744075,34383946,1
2504560,1695405,1
24441159,46636443,1
9325315,46964719,1
67989223,66740566,1
50657250,35882519,5
41478768,40403310,1
21144543,20484506,1
62340865,19483273,1
2878641,106310,1
42878787,13779937,1
321278,560495,1
24609401,23992530,1
66871728,39923176,2
5532320,5239185,1
24612415,5474834,2
63537249,31077672,1
45873864,6749378,2
36371959,16180304,1
8135462,40135191,1
32895424,53369484,1
41884952,26505295,1
4709434,8763586,6
46283752,18845024,1
38273403,35640229,1
943149,57910253,2
7467217,3342055,1
53344710,53438969,3
28964450,28972890,2
31829770,24195339,1
54645022,36891867,1
56064459,1380117,1
44045057,24195339,1
46835599,11617504,2
67763937,45205350,2
68465360,1446467,1
51556828,23096959,2
26634225,14131914,1
65245908,873328,2
67527666,60637206,5
10045175,9325315,2
33653601,60374819,1
20580498,27729907,1
47540830,31492490,1
45687347,41690081,3
32761680,11167738,1
29309660,48006145,1
51452356,321278,1
44370739,15221515,1
37489525,21923259,1
51957189,38460192,11
40037231,38460192,22
39965719,38460192,1
34965552,9384267,1
25312492,1090311,1
4106792,52855516,2
45975112,47515815,1
34812687,34079386,1
34079386,34812687,1
48644547,13078968,1
23389720,44803669,2
673201,4164482,1
59909973,47903333,4
21923259,37489525,1
56760633,54432168,1
28796010,7691631,2
38962730,46802649,1
59522149,22855240,1
32654500,24195339,1
20636942,10270250,1
488514,168370,1
34986469,56027663,1
66557910,3638964,1
56275820,40148684,4
33933892,52855516,1
56723754,32247847,2
58184885,20580498,2
2008728,8241100,1
50379867,37874304,1
66392879,13221727,1
29028775,51452356,1
36837280,15350898,4
66643519,55723051,3
5839692,32219142,1
10975056,10126908,2
21591001,21633655,1
33664893,33401957,1
38982731,12888993,1
20653934,20580498,1
12836282,21233191,1
10851820,58353356,1
26142080,41930235,1
34302698,1451352,1
13521137,12928435,1
8763586,41881900,1
8763586,4709434,1
4871551,4909355,1
40498550,3035586,1
41188221,3035586,1
37847093,3035586,1
24657977,47563072,3
64841546,48496835,1
10399273,10399553,1
43718196,321278,1
56192185,52630616,4
60257626,50631400,2
67094470,12226786,1
33774300,17728164,1
1695405,2504560,6
2191449,27434724,1
41291958,44326653,1
50937493,49233682,1
49233682,50937493,1
20896532,19951562,2
24560307,47394776,1
21160389,22841798,6
55424670,28489249,1
47859417,20919134,1
34534630,29455960,1
45704630,11589713,3
40148684,31070977,1
20484506,7691631,3
33767206,59089044,1
40690081,36535156,1
16624076,32247847,1
36973196,6093316,1
10851820,43796926,2
15062869,63537249,1
62759755,65842228,1
36041211,30985840,1
10035842,9568894,7
22950800,3638964,1
58353356,9385519,4
39297380,34762405,1
65218347,16734168,1
36960293,49598840,6
67527666,23096959,1
13384052,50843402,2
40969713,24195339,3
58341372,36420691,1
35968578,64315743,4
36732493,53623304,3
36891867,24195339,13
18068542,20929025,1
26750407,19872456,1
67265372,41881900,1
20773773,1200050,1
2055965,19390712,1
22844864,39487546,3
14960736,8514,1
20890916,20891076,1
68465360,54980593,1
20343475,23357588,3
39802816,9384267,1
3594497,19133426,1
12048721,59008643,1
51117837,45717250,6
6667084,52855516,2
31167560,640534,2
27846606,29102367,1
49016322,21399598,19
6838921,23096959,1
29102367,106310,5
33119347,28627094,1
37476480,10270250,1
52630616,56192185,2
57363293,36891867,1
34376625,23357588,1
3214406,4580780,2
3214406,321278,2
10270250,15062869,1
39164702,41829476,1
29455960,52643796,1
930571,1365306,1
20653934,36960321,1
20493628,5894962,1
4137249,108278,1
8629417,47860620,1
34157278,11380094,1
64700995,42134885,1
29629333,2410676,1
29629333,21242831,9
19866730,67070359,3
55356012,9278888,1
9325315,60099164,2
1607357,1283503,1
2872812,3328572,1
43796926,10851820,2
8587669,59808890,1
59808890,8587669,1
43688127,10247874,1
23357588,45717250,1
65252,4095287,1
2095282,1323052,1
7639232,2560988,1
47824319,45936895,1
67527666,60637112,2
25889832,66016354,1
38206700,20636942,1
17608126,55175674,1
29137950,21347346,2
44838862,44838949,3
3955647,349241,1
64340188,8745199,2
47434220,11061773,1
45557469,7691631,1
36732493,20944673,1
61736423,4188772,1
52630616,54432168,2
9784365,481872,1
44924692,9384267,1
49475012,43347873,1
3544424,2410676,2
51283658,23974149,1
12127526,2203645,2
23465887,21476229,1
6749378,45873864,1
27729907,27729926,1
671825,729744,1
51757400,6296790,3
41829476,33767206,2
29329884,23096959,1
16006840,1431547,1
39007728,35640229,1
35987225,23096959,1
67071777,8116086,1
23389720,31370097,2
65527758,65527826,1
20580498,11225014,1
40053602,11855195,1
42796567,23770421,1
55768463,43679920,3
39822254,39820044,1
29455960,58353356,2
17410607,1385122,1
40403310,41093724,1
47658996,45205350,1
41690081,41690093,1
28949681,9568894,1
7458003,5642413,1
51946237,51182505,1
29329884,1857825,1
1381673,1382471,2
23992530,16008423,1
671825,56701199,3
19606628,20929025,3
46582024,27193779,2
45489191,20415251,3
22840826,1103607,1
18802640,6235174,1
45930333,45704630,5
42006308,31267813,1
24195339,36891867,2
29675401,21347346,2
67014542,36385785,1
735498,5152372,1
50843402,24500594,1
4989143,32897822,1
20415251,1064563,1
31492490,40321070,2
38319391,45055693,1
65413483,20580498,2
27551815,9309093,1
7512484,5298790,1
45206013,203666,2
20415251,45489191,1
15127462,68402336,8
28059353,20929025,1
37489388,44250834,1
64209942,13384052,1
64340188,5805151,1
31446151,40208831,1
11309381,23992530,1
11309381,31211061,1
41093724,4268140,1
258750,8514,1
23984796,33653601,2
14498276,10969551,1
50304279,41881900,1
51757400,45905604,1
45905604,51757400,2
5550567,16026402,2
44350607,20580498,5
4714614,3878981,1
64622101,53954979,1
68165412,26516210,1
63537249,10270250,1
2982886,1182756,2
1466198,692528,2
22877224,7691631,1
62800980,55768463,1
23434113,14125254,1
29455960,43796926,2
20929025,49086513,1
56087776,35998691,1
56245171,714074,1
27583882,26628954,2
52991979,48599462,1
61431422,9120498,1
26366220,16283154,2
41930235,2081289,1
4766638,33489346,3
37279656,36463352,1
38934449,10270250,3
33135190,35563024,2
61812065,56260598,1
70107786,10187082,1
66486237,29028775,2
65760329,65842228,1
10851820,39137690,1
37489525,54980593,6
26820798,50565430,1
33185403,10178188,1
68798776,4084908,3
24609401,31211061,1
37796696,59808890,1
45205350,20929025,1
24395109,3301400,1
4989164,4989143,1
45091719,3214406,5
30895522,858127,1
52261708,46565708,1
60115785,60115659,1
10399553,4723248,1
26873147,27883327,2
35951404,21347346,2
21160389,41917698,3
45903621,51015648,2
60374819,33653601,1
38488726,35448780,1
22442668,45545777,2
36301881,13021798,2
4648505,50843402,1
43445823,59824689,1
57153681,20343475,1
65527623,65527758,1
43796926,29455960,2
61739430,43688127,8
50565430,49970642,2
68805727,26873147,2
18402447,8629417,2
69303216,50304279,1
14089735,49970642,2
15346914,7653178,1
11969507,9252268,3
17374588,17374659,1
53086723,41003843,1
29605985,11639637,1
1446467,36804486,1
37095216,44672744,1
33315367,45545777,1
42769750,42789514,1
69696328,481872,1
16709229,16286131,1
4268140,1424470,1
4037197,19832415,1
6235174,16008423,10
26637593,24560307,1
6567216,11178020,1
17163720,34891719,1
45545777,33315367,2
39820044,39822254,2
39822254,39504796,3
31446151,39293824,2
27352490,48640313,1
61739430,7691631,1
1462287,4106792,1
64479681,28972890,1
62630397,21347346,1
36960321,36960293,8
59824689,43445823,2
43372569,53496835,1
20580498,20773773,2
4780572,58341372,4
2985492,1390248,1
11969507,3618133,6
55432821,24891661,1
61533876,62228964,1
51539656,20789757,3
41690093,41690044,1
39299874,27442967,1
43688127,61739430,2
50838684,14125254,1
54083056,2081289,2
47655119,41881900,4
19606628,51474893,2
46636443,35312458,2
20773773,51930379,2
5896228,45091719,2
46155527,3829352,2
14090388,26509369,1
13753636,7693799,1
32246409,2008728,1
13695735,9325315,1
54980593,68465360,1
65757221,19872456,1
67763937,14562056,9
67763937,46805578,1
36732493,44541556,2
654608,843222,1
38923383,10942844,1
31790386,61533876,4
60115716,60115618,2
1323052,2095282,2
507775,31323121,1
59909973,21399598,1
59909973,58331146,3
1610564,55504627,1
3604157,27193779,1
8629417,18402447,4
45393266,11061773,1
35429260,61533876,1
49086513,18609427,1
26657611,5532320,1
37996233,519832,1
46568999,43604163,1
33964532,1090311,1
16263354,238983,1
23992530,31211061,2
18150451,69678378,62
47708079,4909355,1
21233191,58154377,1
8135462,44370739,1
60115647,60115618,2
24500594,50843402,3
61145961,49975639,1
56760633,6093316,1
53618789,28283593,3
5532320,51951003,3
4084908,36953657,1
18743342,18950460,1
14562056,12256376,3
14562056,67763937,17
70860688,41458519,2
65894012,51290852,24
12785911,1701384,2
22442668,24109199,1
52825114,33791453,1
35015510,36902910,1
34413897,27452807,7
44253742,17224514,2
24891661,34138622,3
36831081,62026178,2
49273408,32427528,1
66016354,25889832,1
53954979,20773773,3
51474893,6093316,6
67763937,12256376,1
2791179,1182756,4
5746854,5731348,3
63613430,62367558,1
7741856,560495,1
32654500,67763937,1
59509,168370,2
55796146,49213884,1
56701199,671825,1
14562056,45205350,1
3604157,51710581,2
36535156,20929025,1
13753636,7691631,1
381979,68362560,1
41881900,9852918,1
7691631,13753636,1
23096959,54503347,4
64374825,9530789,1
37372629,37526090,12
36891867,45425758,1
50603846,27193779,2
45717250,51117837,3
31433462,3638964,1
23770421,33791453,1
321278,2203645,1
5156866,4164482,1
49320683,4780572,1
45499928,38460192,1
20893062,20894654,1
5967893,8514,1
20287787,47632525,2
43723161,44350607,2
30722866,2183193,1
26931359,7994556,1
65842228,65760329,1
29891188,11061773,1
5312648,1385122,1
62728051,56353740,1
20773773,23357588,2
54173593,41543133,2
44253742,62812779,2
23947487,16256144,1
26516210,11939484,1
45205350,67763937,1
27311720,21388550,1
10153040,184366,2
46881155,49086513,1
6580000,52855516,1
61533876,31790386,1
59489782,59488267,1
13049233,4025121,4
45423417,45423447,4
45423417,44838949,2
50631400,41092776,1
57271796,9384267,1
68377071,24253493,1
10403471,23096959,1
9214768,56941978,2
8604178,52083467,6
45671249,53238813,1
17310099,27193779,1
51015648,45903621,1
2883201,27193779,1
4576305,68159029,1
8681349,488514,1
68240213,68798776,1
455600,4524181,2
55768463,58644895,1
57393248,321278,1
57393248,8962829,1
29028775,53558755,1
321278,19257170,2
11171548,19784232,1
28782747,42408083,2
61415840,51951003,1
16606316,16607898,1
61660496,41881900,2
31790386,43679920,2
65561709,62056780,1
51960642,65252,1
52855516,23096959,2
45959309,16665655,1
47394776,49970642,1
37616442,18840003,1
23992530,11253779,1
15879082,206084,1
59061556,24386993,1
52491102,52113921,1
48109239,20580498,1
48109239,23096959,1
16316451,26181278,2
9325315,23933452,1
68416554,49970642,3
6073097,108278,1
46494071,24560307,1
39469487,38764029,1
1230508,24560307,1
24763574,3678731,2
5860736,7792553,1
20895915,19745004,1
66871728,68046216,1
25265743,46297649,5
20648763,20881761,1
20881761,20896532,1
60115659,60115785,1
19257170,321278,1
60042686,41480724,1
8962829,55424670,1
3583552,596892,1
52855516,3483944,1
30313796,4128353,1
2484397,37489525,1
3618133,11969507,2
2314534,14210523,1
27729926,1064563,2
14210523,50258379,1
43402701,37874304,1
43385504,67763937,2
43385504,14562056,1
62096335,1438007,1
25462659,18055618,5
5431309,23774298,1
25136308,31492490,1
460078,24195339,1
49975639,61145961,5
22442668,7691631,1
13834722,52855516,1
32935745,45930333,1
9385519,58353356,1
19117456,10270250,1
38010153,14003349,2
31790386,70254655,1
2872812,790359,1
46891997,9384267,1
24657977,12048721,1
5191883,53238813,1
32935745,20929025,2
17508889,3594497,1
38962730,16008423,1
11939484,10589864,1
29102367,23206290,1
61042367,51688289,2
43156818,42926209,1
14562056,4128353,1
47563072,3301400,1
45975112,45425758,1
675247,184460,1
33015583,2183193,3
64860095,20580498,1
20580498,19206385,1
13525176,9325315,1
68798776,68240213,1
26142147,26142080,1
29562833,38638583,1
38638583,29562833,1
57602001,7613257,1
67828134,36960293,2
67828134,36960321,3
5772606,1125389,2
12382547,70868306,67
46805578,67763937,1
60618947,60042057,1
46293472,2410676,1
46293472,1362490,1
1049088,33014811,1
49480041,6296790,1
21741891,6296790,1
42534055,41881900,1
63192522,4989143,1
14956897,21540759,1
52630616,24195339,1
21252787,2751199,1
66353500,5550623,1
62630397,31492490,1
4732425,52855516,1
10968239,3342055,1
53558755,4128353,1
29666602,41415876,1
7950974,108278,1
2872812,14570945,1
15350898,36837280,6
16286131,20552964,2
46990843,41881900,1
54953903,36891867,1
64860095,23059575,18
23059575,64860095,2
68159029,4576305,1
20929025,34414315,1
19206385,54230994,1
62026178,11778024,7
16554739,11206255,3
45959309,18840003,1
11589713,44639329,1
5532320,34013728,1
8962829,41676726,3
1545869,27193779,1
70957320,3510804,3
5474834,24612415,1
43924169,41881900,2
106310,29102367,1
48456638,49970642,1
7506968,4597760,1
7506968,13421878,1
13421878,4597760,1
4597760,13421878,1
61140957,56356706,1
46300838,49970642,2
19382615,12048721,1
38927440,3480666,1
53238813,4095287,3
8163351,1918677,1
60846913,32935745,1
9385519,29455960,1
45873864,58341372,1
71047175,299862,1
53438969,53344710,4
6296790,21052744,1
8745199,64340188,4
17197934,2945088,2
31018716,71379926,8
54120792,4780572,1
30892477,658518,1
26509369,33429211,1
9998516,7691631,2
44173486,21347346,2
47892577,11167738,1
10975056,9325315,3
18643403,2050163,1
14338121,12646044,1
4297273,12646044,1
56533838,57153681,1
36891867,60553741,1
37082871,943149,2
52980493,6296790,1
62367558,41881900,1
25273785,40841283,1
24963784,60826301,1
47540830,21347346,1
8745199,5806776,1
10888192,6714663,1
47963768,308770,1
6714663,10888192,6
37489525,2484397,1
1195004,32654500,1
60858966,14562056,2
1661758,2219738,1
47903333,32247847,1
50304279,53611065,2
20108549,23096959,1
10126908,10975056,4
61140957,52630616,1
5532320,7804910,2
65772720,28366058,2
27835638,27931142,1
29629333,40562997,1
1917262,4084908,1
23272510,13124802,1
30822480,321278,1
64667594,23272510,1
26509369,14090388,1
1911523,26628954,1
54189940,21399598,1
27835638,3678731,1
30250127,14125254,1
53611065,50304279,9
24891661,38434858,2
64315743,35968578,3
37162022,32509278,1
17374628,17374659,2
16415622,11167738,1
57273496,26820798,1
67990936,10270250,1
59227528,65252,1
41881900,43916263,5
8594752,24963784,1
17982967,4137249,1
58331146,36891867,1
27401779,21741891,1
71353582,63537249,1
67783103,67790503,1
32486256,7691631,1
52006608,400664,2
60374819,1254497,1
211588,8514,4
7919054,14727320,1
107872,168370,2
16256144,23202451,14
23202451,16256144,9
45506187,51034200,1
51034200,45506187,1
519869,1206603,1
39157654,42047400,1
7691631,28366058,2
67828134,46089560,1
49865722,50779358,1
21388550,26444985,1
50384464,36891867,2
23760859,32247847,1
54503347,23096959,2
69678378,18150451,1
11677934,507123,1
597879,11167738,2
65772720,7691631,3
43603757,48567832,1
39586505,60374819,1
60874241,11167738,1
5433677,3319769,2
44838949,45423447,12
13521137,1446467,1
38711355,32024574,1
39308194,16386099,1
23096959,7691631,3
10942844,38923383,1
43347873,238972,1
31829770,3678731,1
667006,4128353,1
48640313,27352490,1
20944673,36732493,5
62446156,44869078,1
28366058,7691631,1
62800980,31790386,1
56088006,41881900,1
17912002,16184890,1
33791453,23766683,1
11753734,7969634,1
67790503,67783103,1
36050852,5349565,1
10097543,23697630,1
60654260,60858966,1
24998719,50514153,1
56511192,11125589,1
34302698,5694513,2
60872406,66868434,1
62800980,33941273,1
23924195,2183193,2
31696383,24604008,1
20894654,20891020,1
16263354,4095287,2
61070151,3301400,1
4780572,54120792,1
18221501,71471849,2
49970642,11167738,4
62026178,10041891,2
52497971,37989511,1
41829476,21749516,1
40704717,40135191,1
23011147,843222,1
32334227,481872,1
32219142,27193779,1
26628954,27583882,1
20580498,62091339,1
7786818,3038446,1
23096959,11225014,1
50779358,49865722,1
20894654,20896532,2
31985425,24195339,3
21704134,11225014,1
2484397,4164482,1
28611747,33389183,1
69944739,28972890,1
9648780,27193779,1
34562465,35998691,1
42454540,7691631,2
1409544,52855516,1
50779358,50168898,1
47422110,29028775,2
52855516,3629537,1
63265988,51474893,1
7760890,33401957,2
62893383,14005591,1
40646712,8135462,1
40646712,40704717,1
1362490,15515181,1
61739430,67828134,1
35326416,63537249,6
10041891,62026178,1
24386993,59061556,6
33002637,42454540,1
71157923,33002637,3
12926963,3214406,1
20021829,61145961,1
41881900,45975112,1
41881900,56088006,1
54672347,72283469,2
50514153,23096959,1
47093357,19117456,1
23059575,34659664,1
50603025,27549019,1
9478219,10391073,1
56373149,481872,1
13779937,10178188,1
40969713,23021810,6
63537249,35326416,2
20580498,34659664,1
53330030,6296790,1
31370097,23389720,2
30969188,40013435,1
52855516,43019030,3
43019030,52855516,1
56398352,11061773,1
3745077,52855516,1
70617656,23096959,2
53658916,53213638,1
33401957,7177096,1
4297273,11969507,1
51275191,23083156,1
71493092,13779937,1
28627094,20580498,1
61980658,1204412,2
39266291,21909749,1
39137690,9385519,1
29629333,7691631,1
36960321,54503347,1
49970642,37500192,1
24657977,7760890,4
21233191,24031839,2
68898185,5250457,1
17728164,50733765,6
5545025,2765899,3
60115618,60115716,1
35279595,8357227,1
8357227,35279595,1
47165187,3214406,1
34896300,37834277,2
18611173,1424470,1
70503329,38319391,1
52113921,11167738,1
49070246,507775,1
18689903,13974308,1
5764782,13962843,1
507775,7833168,1
35786536,117741,1
56171873,49086513,1
1980539,8514,1
74950693,34230966,1
61749446,13221727,1
11290232,481872,1
50678663,6730452,2
14812631,324747,1
117741,1431547,1
24657977,41600436,2
11589713,20580498,1
46565708,56701199,1
24195339,67509389,1
54664770,52855516,1
67763937,24195339,1
62181507,56184050,1
40321070,21347346,1
42321571,3678731,1
494068,46236248,3
5483330,52855516,1
62367558,35998691,2
1163456,1103607,1
47609714,57309106,2
36891867,32247847,2
9517720,15800559,1
71782125,1424470,2
1182756,2982886,3
41571541,13633443,6
39013909,36535156,1
4297273,648414,2
12726995,49970642,1
13797036,49970642,1
9867357,49970642,1
72283469,23096959,1
45091719,53461525,1
45091719,1200050,1
1917262,36953657,1
71471849,18221501,1
39903075,34880993,2
38927440,38927866,1
29028775,49970642,1
4106792,20665987,1
321278,49970642,1
58157629,45717250,1
168370,59509,1
67509389,36891867,3
67509389,20929025,1
11672345,41095157,1
16165969,37996233,2
14330651,1099265,1
23059575,42408804,1
23059575,32689932,1
10126908,8715146,1
10975056,8715146,1
46881155,27193779,1
50071042,4989164,1
61739430,54503347,1
38934449,8962829,1
15035246,40208831,1
30586758,26814908,1
30586758,27534295,1
55967835,53238813,1
36891867,20929025,1
38492041,10270250,1
34937316,23766683,1
39546089,321278,1
9385519,27448635,2
32247847,34414315,1
22945744,258750,1
59966901,44869078,1
30538630,28457823,1
3786237,6296790,1
25362464,1577604,1
20016654,9693534,1
49970642,1451352,1
49970642,11855195,1
49970642,321278,2
39586616,60374819,1
8745199,42106842,2
45545777,22442668,2
20580498,36960321,3
33653601,11391151,2
7458003,7444957,1
10851820,29455960,3
55543847,34824538,1
19483273,35065891,1
17374659,17374628,2
26257767,53238813,1
1182756,2791179,1
45671249,3623050,1
943149,37559299,2
26142147,31446151,1
31323121,1090311,1
56723754,29028775,1
7994556,37946692,4
39176269,11730342,1
36358216,40328394,1
67828134,20580498,4
62167353,20789757,1
36281146,53238813,2
6567216,8542523,1
18840003,24560307,1
35065876,16316451,1
16316451,35065876,1
39534835,3342055,1
16052050,21233191,1
20929025,27193779,1
71809982,14210523,1
42408083,13221727,1
27342322,168370,1
52568788,11969507,1
56353740,40686014,1
41095157,11726647,2
67210187,2436255,1
51538131,30608771,1
27931142,32024077,1
15337722,3214406,2
5474834,7789923,1
68056844,19048563,2
53758151,24296709,1
23652126,1695405,2
3618133,5777198,2
43916699,5741125,1
63457567,36535156,1
60020448,19753195,1
3100121,13584262,2
21052744,3786237,1
43916263,51457456,1
5954253,5731348,1
56615144,8594752,1
21741891,31788540,1
10270250,52113921,2
64751214,6293402,1
13021798,23096959,2
30969188,44869078,1
24833922,7994556,2
40690081,36891867,1
19866730,11577304,1
58152695,24474138,1
2183193,192904,1
15778059,11939484,1
24109199,20580498,1
47658996,36891867,1
35998691,9384267,2
22923251,3301400,3
22072746,1446467,1
108278,3444030,2
22072746,54980593,1
51555860,50544166,1
24560307,27193779,1
54327721,59383148,1
70249665,11167738,1
37560288,51556828,1
24296709,53758151,1
40972840,3638964,1
19804703,14051004,3
1695406,2504560,1
61660309,41881900,3
2183193,23924195,1
7177096,33401957,1
66386779,21233191,1
16563587,3370128,1
19745004,20896532,1
7893959,4518079,2
50277110,50168898,2
4335022,3626679,1
2156455,46155527,1
59824689,41029840,3
15480067,10270250,1
59089044,33767206,2
27534295,30586758,1
46562632,41881900,3
62109017,3604157,1
57372073,1362490,1
57372073,2410676,2
168370,614070,3
24968227,19051806,1
16266508,52855516,1
7444957,7458003,1
12833442,6567216,1
64340188,5875030,1
39738994,55504627,1
55581236,21540759,1
27448635,9385519,2
3214406,18611173,1
49970642,27193779,3
30969188,65794292,1
1365306,1381673,1
18055618,25462659,1
20999008,20896532,1
13221727,5282596,1
2077085,46155527,1
60553741,24195339,1
55723051,24560307,2
8542523,22296542,2
22296542,8542523,1
12271469,10589864,1
31691538,1790564,1
4095287,19590702,1
57047271,9384267,1
73427867,18280236,2
66072566,23096959,1
8966356,10826219,1
5312648,5282596,1
62181610,10985948,1
59089044,6235174,1
8472417,8514,1
30750041,58341372,1
34105868,34812687,2
34105868,34079386,2
34105868,5532320,2
59144120,23992530,1
66360806,32848140,1
17391973,1093228,1
49946255,21289110,1
58330635,50250915,1
3100121,27193779,1
40667593,36953657,2
15830664,28710753,1
26553597,10707658,1
42408083,301742,2
6543378,41291958,4
19872456,42698429,1
41917698,21160389,1
20896532,20895915,1
21203152,20895915,1
29943859,8629417,1
2791348,2077020,1
25471099,1090311,1
43385504,12256376,2
66022177,2609642,1
16594532,25611422,1
35310228,34015355,1
52855516,206084,2
5532320,67648772,1
58238578,39137690,1
60042686,24195339,1
45975112,41881900,1
10247874,1362490,1
3662176,6228403,1
31985425,51457456,1
24700171,11730342,1
44423752,34864402,1
30095200,23770421,1
58353356,29455960,1
63356478,42789514,2
62409417,33202667,1
43209187,3678731,1
8763405,12888993,1
70855734,26987049,1
29849956,27193779,1
23041972,67616103,3
42106842,8745199,2
20929025,11672345,3
16184890,17912002,1
59699743,62181610,1
4128353,46881155,1
17728164,8966356,1
6942323,31211061,1
512332,507123,1
2609642,66022177,1
71359600,17689377,1
54503347,61739430,2
36891867,21399598,3
36372432,43770905,3
43770905,36372432,2
72473727,2006876,1
35249369,9384267,1
12511640,11167738,1
33947548,11061773,1
9309093,27193779,1
19483273,16316451,1
20896532,26444985,1
3214406,15337722,1
3214406,45091719,2
5923215,28671602,1
29551018,31211061,2
13807928,16961558,1
14579099,60374819,1
11778024,62026178,1
52519674,15778059,1
34739117,37489525,1
9173280,30541396,1
30541396,9173280,1
35065891,19483273,1
39534835,27193779,1
51730162,53238813,1
27091760,507775,1
6093316,16386099,1
4576305,9278888,1
35015510,9384267,1
53623304,37128954,1
20891020,21156013,1
62091339,21242831,1
12888993,8763405,1
42001175,42370929,1
48108534,8514,1
61302197,7691631,2
25793405,6093316,4
46562632,76644875,1
48141141,42488903,2
74501560,50063252,1
24889759,15730865,2
57334765,50384464,4
43916263,11672345,2
16256144,20773773,5
1257514,45766550,1
49451058,8629417,1
67828134,7691631,2
7653178,53448835,2
29102367,302322,4
33653601,34138622,1
30678362,18402447,2
3319769,929845,2
44803669,31370097,1
62728051,14159669,1
32403944,4095287,1
14845405,7833168,1
18801276,1210071,1
20929025,6093316,2
4723248,18845024,1
47081327,44924692,1
54678792,19816973,33
13753636,4470435,1
4723248,35640229,2
8514,14507,1
50733765,22485114,1
29273084,858127,1
6228378,3662176,1
69822474,321278,1
41093724,1424470,1
1090311,52855516,1
49129024,28710753,1
3665229,48185587,1
43509302,43035979,1
5864719,1385122,1
22485114,50733765,1
20896532,19745004,1
27728976,37489525,1
37489525,27728976,1
55768463,61533876,2
15619141,11167738,1
46236248,494068,1
24998719,48181728,1
41881900,61973853,1
858127,1385122,1
27452807,26181278,2
54980593,9120498,1
41291958,6543378,1
16165969,33873218,1
43509302,11939484,2
4576305,31788540,1
61014987,6093316,1
21633655,21591001,1
4106792,53238813,3
37608560,22844223,1
74395326,20954246,1
58900431,192904,1
18663181,2050163,1
18045013,1200050,1
62163982,30608771,1
46379698,28710753,3
55064051,21167485,16
11778024,45589754,1
11778024,36831081,1
7530570,35977087,1
27835638,25136308,1
70617656,24195339,1
69888462,2293158,3
41881900,66572443,1
60858966,33494287,1
3237873,3214406,1
1210071,20580498,1
43167935,37500192,1
4434126,168370,1
68402336,15127462,2
72283469,49598840,5
10073640,2081289,1
23774298,24395109,1
10425992,24195339,1
53291241,34383946,1
1090311,24636789,1
11730342,27193779,2
3877327,15111821,6
75698924,41052718,1
1090311,507775,1
32180714,32180069,1
63537249,54114390,1
65057475,5731348,2
1362490,5731348,2
2410676,5731348,2
21203152,21156013,1
41881900,46562632,1
42713185,4780572,1
60115647,60115785,1
70704345,10391073,1
501687,69822474,1
47844713,24500594,1
54502204,16563587,1
8843683,478584,1
4950204,4950187,1
71632091,1181927,2
60350316,49016322,1
15730865,1919660,2
65648767,63537249,1
60716014,321278,1
37153337,10270250,2
14562056,3678731,1
3370128,12499251,2
74797803,45055693,1
176084,168370,1
67328052,49286861,1
70254655,55768463,1
11116372,16386099,1
48415146,29028775,1
8710321,10391073,1
19927831,39266291,1
33119874,8514,1
60635490,24560307,1
68735858,13414105,1
13302970,4723248,1
8230327,1438007,1
24998719,39487546,2
9120498,54980593,2
7122663,8514,1
23022377,8514,1
2866041,1049095,2
6115789,5312648,1
58414855,41829476,1
45423447,44838949,6
52113921,10270250,1
376635,488514,1
25640704,14089735,1
38927866,38927440,1
65489927,20580498,1
48337670,12983151,3
52162136,6093316,1
1049095,2866041,2
13972055,11778024,1
73988323,206084,1
19951562,20896532,1
71809982,35065891,1
41881900,65561709,1
17374628,5474834,2
40562997,29629333,1
19374812,15652312,1
76251826,44869078,1
5731348,1362490,1
43142077,6296790,1
16563587,21641241,9
40407033,478584,1
6698407,46891997,1
73384279,19872456,1
247278,4164482,1
70481784,49419430,1
36093975,8436350,1
1133930,11969507,1
18456301,3301400,1
51777407,27931142,1
60115684,60115716,1
6235174,1362490,2
43748432,20773773,1
42341942,66981433,1
58418306,66981433,1
72802923,26505295,1
42370929,42001175,1
44838949,45423417,10
53558755,35640229,1
3629537,14650917,1
57149823,45055693,1
39534835,698041,1
47515815,45975112,1
42122684,84822,2
36463352,48449342,1
67509389,21399598,3
60949226,63537249,1
5431309,12048721,1
18883207,17271429,1
72938516,20149643,1
54503347,72283469,1
50213667,21399598,1
6228378,6228403,1
63537249,15062869,1
40321070,35951404,2
41851103,26820798,1
33015583,34864402,1
71829219,65794292,1
12983151,19753195,1
481872,18663181,1
4046291,3444030,1
68174060,39210774,1
51868019,5532320,1
41175671,33653601,1
6093316,7639232,1
9384267,18477927,1
946945,321278,1
50125495,36316259,2
24456714,8135462,1
14051004,19804703,1
44326653,41291958,2
10041891,13972055,1
27193779,5187096,1
9309093,49970642,1
5271376,3594497,1
43686408,21388550,1
32180069,32180714,1
27193779,3342055,3
28186356,49274754,1
14981376,1181927,1
30064588,13584262,1
24636789,1090311,1
45425758,41881900,1
27804716,34414315,1
65648767,24560307,1
48337670,15778981,1
53448835,75130658,1
53461525,3214406,1
51399040,46300838,1
60849819,66868434,2
2325416,4909355,1
66981433,42341942,1
44875894,35640229,1
15778981,19753195,1
54787116,16752620,3
11137,8514,1
39210774,68174060,1
11672345,20929025,1
16191201,17132838,1
35640229,10270250,1
18271410,32181539,1
460078,84009,1
13911118,24560307,1
687157,54980593,1
36895421,33655535,1
67763937,36891867,2
9252013,9252268,6
42104063,189840,1
47087,8514,2
51667222,3678731,1
60874241,51951003,1
184460,735498,1
23701779,1390248,1
40013435,3678731,2
654608,37489525,2
49099731,42488903,1
29839205,8514,1
2687166,4164482,1
7691631,61739430,1
7530570,321278,1
33429211,20580498,1
11131631,4524181,1
30676220,19483273,1
38267721,1661758,2
53671762,658518,1
4950187,29102367,2
29976873,31696383,1
31696383,29976873,1
27193779,40329787,1
45316694,11061773,1
60031447,24763574,1
54114390,27549019,1
2410676,1362490,1
50168898,50277110,1
31286602,6370981,1
6370981,31286602,1
24594933,73384279,1
40013435,10270250,1
49970642,68416554,1
43191201,34138622,2
35977087,7530570,1
35326416,49970642,1
69508273,3342055,1
4106792,5108051,1
1307123,1049095,3
3678731,5347074,1
20895915,20896532,1
19753195,48337670,1
13021798,612587,1
59522149,17728164,1
31502883,675247,1
40208831,26142147,1
36316259,50125495,1
12499251,3370128,1
15111821,13124802,1
10493427,3757512,1
31633215,6093316,1
41930098,48599462,1
9325315,64396357,1
20312497,38784511,1
231339,138312,1
42283287,45793760,1
45993608,6650539,1
52776929,321278,1
31985425,10064545,1
72283469,54672347,1
26444985,20896532,1
44803175,2594116,1
1450115,1064563,1
44838949,44838988,1
47071941,27193779,1
5814103,27193779,1
6093316,33742985,1
16384837,41291958,1
31985425,63090054,12
36891867,321278,1
47834639,28283593,3
5731348,1385122,1
39337963,32202720,1
72473727,20580498,1
10391073,70704345,1
19927831,21748344,1
20580498,56353740,1
15536087,11969507,2
76462297,34262857,1
3444030,108278,1
17327535,65252,1
20929025,60630844,1
19048563,68056844,1
76530378,15045751,1
35552300,19927831,1
48449342,36463352,1
34938344,30404787,1
7653178,15346914,1
20312497,11167738,1
39738994,1610564,1
27452807,34413897,1
11969507,52568788,1
38936307,2168780,1
25611422,16594532,1
56356706,24195339,1
24119524,3678731,1
42047400,13446739,1
15111821,37448451,1
7764556,1049095,1
52855516,1090311,1
20580498,16563587,2
10270250,14291040,1
26836182,23096959,1
13221727,28782747,1
51930379,20773773,1
76644875,46562632,1
5894962,28782747,2
27631673,55225846,1
13221727,5894962,1
42436885,16416867,2
5864719,5864709,1
52855516,7053637,2
75130658,7653178,1
14712850,23885266,1
40013435,47071941,1
5152372,184460,2
1385085,1385122,1
41052718,75698924,1
21909749,22737333,1
43797718,36535156,1
11568417,3745077,1
